{"current":{"type_body_font":"inter_n4","type_subheading_font":"barlow_condensed_n6","type_heading_font":"barlow_condensed_n6","type_accent_font":"barlow_condensed_n6","type_size_paragraph":"14","type_line_height_paragraph":"body-normal","type_case_h1":"uppercase","type_size_h2":"48","type_line_height_h2":"display-tight","type_case_h2":"uppercase","type_case_h3":"uppercase","type_case_h4":"uppercase","type_case_h5":"uppercase","type_case_h6":"uppercase","card_hover_effect":"subtle-zoom","button_border_radius_primary":0,"type_font_button_primary":"accent","button_font_weight_primary":"700","button_text_case_primary":"uppercase","secondary_button_border_width":0,"button_border_radius_secondary":0,"cart_type":"drawer","inputs_border_radius":0,"popover_border_radius":0,"popover_border":"none","variant_swatch_radius":0,"variant_button_radius":0,"variant_button_width":"equal-width-buttons","color_schemes":{"scheme-1":{"settings":{"background":"#ffffff","foreground_heading":"#a42325","foreground":"#000000","primary":"#a42325","primary_hover":"#000000","border":"#e6e6e6","shadow":"#000000","primary_button_background":"#a42325","primary_button_text":"#ffffff","primary_button_border":"#a42325","primary_button_hover_background":"#780406e8","primary_button_hover_text":"#ffffff","primary_button_hover_border":"#000000","secondary_button_background":"#0000000f","secondary_button_text":"#000000","secondary_button_border":"#a42325","secondary_button_hover_background":"#dedede","secondary_button_hover_text":"#000000","secondary_button_hover_border":"#000000","input_background":"#ffffff","input_text_color":"#000000","input_border_color":"#e6e6e6","input_hover_background":"#f5f5f5","variant_background_color":"#ffffff","variant_text_color":"#000000","variant_border_color":"#e6e6e6","variant_hover_background_color":"#f5f5f5","variant_hover_text_color":"#000000","variant_hover_border_color":"#e6e6e6","selected_variant_background_color":"#000000","selected_variant_text_color":"#ffffff","selected_variant_border_color":"#000000","selected_variant_hover_background_color":"#1a1a1a","selected_variant_hover_text_color":"#ffffff","selected_variant_hover_border_color":"#1a1a1a"}},"scheme-2":{"settings":{"background":"#f1f1f1","foreground_heading":"#000000","foreground":"#000000","primary":"#000000","primary_hover":"#000000","border":"#e6e6e6","shadow":"#000000","primary_button_background":"#a42325","primary_button_text":"#f2f2f2","primary_button_border":"#a42325","primary_button_hover_background":"#a42325","primary_button_hover_text":"#f2f2f2","primary_button_hover_border":"#a42325","secondary_button_background":"#ffffff","secondary_button_text":"#000000","secondary_button_border":"#000000","secondary_button_hover_background":"#ffffff","secondary_button_hover_text":"#a42325","secondary_button_hover_border":"#a42325","input_background":"#f2f2f2","input_text_color":"#000000","input_border_color":"#000000","input_hover_background":"#e4e4e4","variant_background_color":"#ffffff","variant_text_color":"#000000","variant_border_color":"#e6e6e6","variant_hover_background_color":"#f5f5f5","variant_hover_text_color":"#000000","variant_hover_border_color":"#e6e6e6","selected_variant_background_color":"#000000","selected_variant_text_color":"#ffffff","selected_variant_border_color":"#000000","selected_variant_hover_background_color":"#1a1a1a","selected_variant_hover_text_color":"#ffffff","selected_variant_hover_border_color":"#1a1a1a"}},"scheme-3":{"settings":{"background":"#e8d5c7","foreground_heading":"#000000","foreground":"#000000","primary":"#780406e8","primary_hover":"#000000","border":"#d0d0d0","shadow":"#000000","primary_button_background":"#780406e8","primary_button_text":"#ffffff","primary_button_border":"#780406e8","primary_button_hover_background":"#000000","primary_button_hover_text":"#ffffff","primary_button_hover_border":"#000000","secondary_button_background":"#e8d5c7","secondary_button_text":"#000000","secondary_button_border":"#333232","secondary_button_hover_background":"#f1e3d9c4","secondary_button_hover_text":"#000000","secondary_button_hover_border":"#000000","input_background":"#e8d5c7","input_text_color":"#000000","input_border_color":"#000000","input_hover_background":"#f1e3d9c4","variant_background_color":"#e8d5c7","variant_text_color":"#000000","variant_border_color":"#585858","variant_hover_background_color":"#f1e3d9c4","variant_hover_text_color":"#000000","variant_hover_border_color":"#000000","selected_variant_background_color":"#000000","selected_variant_text_color":"#ffffff","selected_variant_border_color":"#000000","selected_variant_hover_background_color":"#1a1a1a","selected_variant_hover_text_color":"#ffffff","selected_variant_hover_border_color":"#1a1a1a"}},"scheme-4":{"settings":{"background":"#a42325","foreground_heading":"#ffffff","foreground":"#ffffff","primary":"#a42325","primary_hover":"#a42325","border":"#000000","shadow":"#000000","primary_button_background":"#ffffff","primary_button_text":"#a42325","primary_button_border":"#ffffff","primary_button_hover_background":"#d76668","primary_button_hover_text":"#ffffff","primary_button_hover_border":"#d76668","secondary_button_background":"#a42325","secondary_button_text":"#ffffff","secondary_button_border":"#ffffff","secondary_button_hover_background":"#d76668","secondary_button_hover_text":"#ffffff","secondary_button_hover_border":"#d76668","input_background":"#a42325","input_text_color":"#ffffff","input_border_color":"#ffffffe3","input_hover_background":"#780406e8","variant_background_color":"#a42325","variant_text_color":"#ffffff","variant_border_color":"#e6e6e6","variant_hover_background_color":"#f5f5f5","variant_hover_text_color":"#000000","variant_hover_border_color":"#e6e6e6","selected_variant_background_color":"#000000","selected_variant_text_color":"#ffffff","selected_variant_border_color":"#000000","selected_variant_hover_background_color":"#1a1a1a","selected_variant_hover_text_color":"#ffffff","selected_variant_hover_border_color":"#1a1a1a"}},"scheme-5":{"settings":{"background":"#000000","foreground_heading":"#ffffff","foreground":"#ffffff","primary":"#000000","primary_hover":"#000000","border":"#666666","shadow":"#000000","primary_button_background":"#ffffff","primary_button_text":"#000000","primary_button_border":"#ffffff","primary_button_hover_background":"#dedede","primary_button_hover_text":"#000000","primary_button_hover_border":"#dedede","secondary_button_background":"#000000","secondary_button_text":"#ffffff","secondary_button_border":"#ffffff","secondary_button_hover_background":"#000000","secondary_button_hover_text":"#acacac","secondary_button_hover_border":"#acacac","input_background":"#000000","input_text_color":"#ffffff","input_border_color":"#ffffff","input_hover_background":"#333232","variant_background_color":"#000000","variant_text_color":"#ffffff","variant_border_color":"#ffffff","variant_hover_background_color":"#f5f5f5","variant_hover_text_color":"#000000","variant_hover_border_color":"#e6e6e6","selected_variant_background_color":"#ffffff","selected_variant_text_color":"#000000","selected_variant_border_color":"#ffffff","selected_variant_hover_background_color":"#ffffff30","selected_variant_hover_text_color":"#ffffff","selected_variant_hover_border_color":"#000000"}},"scheme-6":{"settings":{"background":"rgba(0,0,0,0)","foreground_heading":"#000000","foreground":"#ffffff","primary":"#ffffff","primary_hover":"#ffffff","border":"rgba(0,0,0,0)","shadow":"rgba(0,0,0,0)","primary_button_background":"#ffffff","primary_button_text":"#000000","primary_button_border":"#ffffff","primary_button_hover_background":"#dedede","primary_button_hover_text":"#000000","primary_button_hover_border":"#dedede","secondary_button_background":"rgba(0,0,0,0)","secondary_button_text":"#ffffff","secondary_button_border":"#ffffff","secondary_button_hover_background":"rgba(0,0,0,0)","secondary_button_hover_text":"#acacac","secondary_button_hover_border":"#acacac","input_background":"#ffffff","input_text_color":"#000000","input_border_color":"#000000","input_hover_background":"#f5f5f5","variant_background_color":"#ffffff","variant_text_color":"#000000","variant_border_color":"#e6e6e6","variant_hover_background_color":"#f5f5f5","variant_hover_text_color":"#000000","variant_hover_border_color":"#e6e6e6","selected_variant_background_color":"#000000","selected_variant_text_color":"#ffffff","selected_variant_border_color":"#000000","selected_variant_hover_background_color":"#1a1a1a","selected_variant_hover_text_color":"#ffffff","selected_variant_hover_border_color":"#1a1a1a"}},"scheme-7":{"settings":{"background":"rgba(0,0,0,0)","foreground_heading":"#a42325","foreground":"#000000","primary":"#000000","primary_hover":"#00000087","border":"#e6e6e6","shadow":"#000000","primary_button_background":"#000000","primary_button_text":"#ffffff","primary_button_border":"#000000","primary_button_hover_background":"#333333","primary_button_hover_text":"#ffffff","primary_button_hover_border":"#333333","secondary_button_background":"#0000000f","secondary_button_text":"#000000","secondary_button_border":"#000000","secondary_button_hover_background":"#ffffff","secondary_button_hover_text":"#000000","secondary_button_hover_border":"#ffffff","input_background":"#ffffff","input_text_color":"#00000087","input_border_color":"#00000021","input_hover_background":"#f5f5f5","variant_background_color":"#ffffff","variant_text_color":"#000000","variant_border_color":"#e6e6e6","variant_hover_background_color":"#f5f5f5","variant_hover_text_color":"#000000","variant_hover_border_color":"#e6e6e6","selected_variant_background_color":"#000000","selected_variant_text_color":"#ffffff","selected_variant_border_color":"#000000","selected_variant_hover_background_color":"#1a1a1a","selected_variant_hover_text_color":"#ffffff","selected_variant_hover_border_color":"#1a1a1a"}}}},"presets":{"Savor":{"color_schemes":{"scheme-1":{"settings":{"background":"#ffffff","foreground_heading":"#a42325","foreground":"#000000","primary":"#a42325","primary_hover":"#000000","border":"#e6e6e6","shadow":"#000000","primary_button_background":"#a42325","primary_button_text":"#ffffff","primary_button_border":"#a42325","primary_button_hover_background":"#780406e8","primary_button_hover_text":"#ffffff","primary_button_hover_border":"#000000","secondary_button_background":"#0000000f","secondary_button_text":"#000000","secondary_button_border":"#a42325","secondary_button_hover_background":"#dedede","secondary_button_hover_text":"#000000","secondary_button_hover_border":"#000000","input_background":"#ffffff","input_text_color":"#000000","input_border_color":"#e6e6e6","input_hover_background":"#f5f5f5","variant_background_color":"#ffffff","variant_text_color":"#000000","variant_border_color":"#e6e6e6","variant_hover_background_color":"#f5f5f5","variant_hover_text_color":"#000000","variant_hover_border_color":"#e6e6e6","selected_variant_background_color":"#000000","selected_variant_text_color":"#ffffff","selected_variant_border_color":"#000000","selected_variant_hover_background_color":"#1a1a1a","selected_variant_hover_text_color":"#ffffff","selected_variant_hover_border_color":"#1a1a1a"}},"scheme-2":{"settings":{"background":"#f1f1f1","foreground_heading":"#000000","foreground":"#000000","primary":"#000000","primary_hover":"#000000","border":"#e6e6e6","shadow":"#000000","primary_button_background":"#a42325","primary_button_text":"#f2f2f2","primary_button_border":"#a42325","primary_button_hover_background":"#a42325","primary_button_hover_text":"#f2f2f2","primary_button_hover_border":"#a42325","secondary_button_background":"#ffffff","secondary_button_text":"#000000","secondary_button_border":"#000000","secondary_button_hover_background":"#ffffff","secondary_button_hover_text":"#a42325","secondary_button_hover_border":"#a42325","input_background":"#f2f2f2","input_text_color":"#000000","input_border_color":"#000000","input_hover_background":"#e4e4e4","variant_background_color":"#ffffff","variant_text_color":"#000000","variant_border_color":"#e6e6e6","variant_hover_background_color":"#f5f5f5","variant_hover_text_color":"#000000","variant_hover_border_color":"#e6e6e6","selected_variant_background_color":"#000000","selected_variant_text_color":"#ffffff","selected_variant_border_color":"#000000","selected_variant_hover_background_color":"#1a1a1a","selected_variant_hover_text_color":"#ffffff","selected_variant_hover_border_color":"#1a1a1a"}},"scheme-3":{"settings":{"background":"#e8d5c7","foreground_heading":"#000000","foreground":"#000000","primary":"#780406e8","primary_hover":"#000000","border":"#d0d0d0","shadow":"#000000","primary_button_background":"#780406e8","primary_button_text":"#ffffff","primary_button_border":"#780406e8","primary_button_hover_background":"#000000","primary_button_hover_text":"#ffffff","primary_button_hover_border":"#000000","secondary_button_background":"#e8d5c7","secondary_button_text":"#000000","secondary_button_border":"#333232","secondary_button_hover_background":"#f1e3d9c4","secondary_button_hover_text":"#000000","secondary_button_hover_border":"#000000","input_background":"#e8d5c7","input_text_color":"#000000","input_border_color":"#000000","input_hover_background":"#f1e3d9c4","variant_background_color":"#e8d5c7","variant_text_color":"#000000","variant_border_color":"#585858","variant_hover_background_color":"#f1e3d9c4","variant_hover_text_color":"#000000","variant_hover_border_color":"#000000","selected_variant_background_color":"#000000","selected_variant_text_color":"#ffffff","selected_variant_border_color":"#000000","selected_variant_hover_background_color":"#1a1a1a","selected_variant_hover_text_color":"#ffffff","selected_variant_hover_border_color":"#1a1a1a"}},"scheme-4":{"settings":{"background":"#a42325","foreground_heading":"#ffffff","foreground":"#ffffff","primary":"#a42325","primary_hover":"#a42325","border":"#000000","shadow":"#000000","primary_button_background":"#ffffff","primary_button_text":"#a42325","primary_button_border":"#ffffff","primary_button_hover_background":"#d76668","primary_button_hover_text":"#ffffff","primary_button_hover_border":"#d76668","secondary_button_background":"#a42325","secondary_button_text":"#ffffff","secondary_button_border":"#ffffff","secondary_button_hover_background":"#d76668","secondary_button_hover_text":"#ffffff","secondary_button_hover_border":"#d76668","input_background":"#a42325","input_text_color":"#ffffff","input_border_color":"#ffffffe3","input_hover_background":"#780406e8","variant_background_color":"#a42325","variant_text_color":"#ffffff","variant_border_color":"#e6e6e6","variant_hover_background_color":"#f5f5f5","variant_hover_text_color":"#000000","variant_hover_border_color":"#e6e6e6","selected_variant_background_color":"#000000","selected_variant_text_color":"#ffffff","selected_variant_border_color":"#000000","selected_variant_hover_background_color":"#1a1a1a","selected_variant_hover_text_color":"#ffffff","selected_variant_hover_border_color":"#1a1a1a"}},"scheme-5":{"settings":{"background":"#000000","foreground_heading":"#ffffff","foreground":"#ffffff","primary":"#000000","primary_hover":"#000000","border":"#666666","shadow":"#000000","primary_button_background":"#ffffff","primary_button_text":"#000000","primary_button_border":"#ffffff","primary_button_hover_background":"#dedede","primary_button_hover_text":"#000000","primary_button_hover_border":"#dedede","secondary_button_background":"#000000","secondary_button_text":"#ffffff","secondary_button_border":"#ffffff","secondary_button_hover_background":"#000000","secondary_button_hover_text":"#acacac","secondary_button_hover_border":"#acacac","input_background":"#000000","input_text_color":"#ffffff","input_border_color":"#ffffff","input_hover_background":"#333232","variant_background_color":"#000000","variant_text_color":"#ffffff","variant_border_color":"#ffffff","variant_hover_background_color":"#f5f5f5","variant_hover_text_color":"#000000","variant_hover_border_color":"#e6e6e6","selected_variant_background_color":"#ffffff","selected_variant_text_color":"#000000","selected_variant_border_color":"#ffffff","selected_variant_hover_background_color":"#ffffff30","selected_variant_hover_text_color":"#ffffff","selected_variant_hover_border_color":"#000000"}},"scheme-6":{"settings":{"background":"rgba(0,0,0,0)","foreground_heading":"#000000","foreground":"#ffffff","primary":"#ffffff","primary_hover":"#ffffff","border":"rgba(0,0,0,0)","shadow":"rgba(0,0,0,0)","primary_button_background":"#ffffff","primary_button_text":"#000000","primary_button_border":"#ffffff","primary_button_hover_background":"#dedede","primary_button_hover_text":"#000000","primary_button_hover_border":"#dedede","secondary_button_background":"rgba(0,0,0,0)","secondary_button_text":"#ffffff","secondary_button_border":"#ffffff","secondary_button_hover_background":"rgba(0,0,0,0)","secondary_button_hover_text":"#acacac","secondary_button_hover_border":"#acacac","input_background":"#ffffff","input_text_color":"#000000","input_border_color":"#000000","input_hover_background":"#f5f5f5","variant_background_color":"#ffffff","variant_text_color":"#000000","variant_border_color":"#e6e6e6","variant_hover_background_color":"#f5f5f5","variant_hover_text_color":"#000000","variant_hover_border_color":"#e6e6e6","selected_variant_background_color":"#000000","selected_variant_text_color":"#ffffff","selected_variant_border_color":"#000000","selected_variant_hover_background_color":"#1a1a1a","selected_variant_hover_text_color":"#ffffff","selected_variant_hover_border_color":"#1a1a1a"}},"scheme-7":{"settings":{"background":"rgba(0,0,0,0)","foreground_heading":"#a42325","foreground":"#000000","primary":"#000000","primary_hover":"#00000087","border":"#e6e6e6","shadow":"#000000","primary_button_background":"#000000","primary_button_text":"#ffffff","primary_button_border":"#000000","primary_button_hover_background":"#333333","primary_button_hover_text":"#ffffff","primary_button_hover_border":"#333333","secondary_button_background":"#0000000f","secondary_button_text":"#000000","secondary_button_border":"#000000","secondary_button_hover_background":"#ffffff","secondary_button_hover_text":"#000000","secondary_button_hover_border":"#ffffff","input_background":"#ffffff","input_text_color":"#00000087","input_border_color":"#00000021","input_hover_background":"#f5f5f5","variant_background_color":"#ffffff","variant_text_color":"#000000","variant_border_color":"#e6e6e6","variant_hover_background_color":"#f5f5f5","variant_hover_text_color":"#000000","variant_hover_border_color":"#e6e6e6","selected_variant_background_color":"#000000","selected_variant_text_color":"#ffffff","selected_variant_border_color":"#000000","selected_variant_hover_background_color":"#1a1a1a","selected_variant_hover_text_color":"#ffffff","selected_variant_hover_border_color":"#1a1a1a"}}}}}}